,canonical,original
0,Andries,Andreas
5,Andrew,Andrew
7,Jacob,Jacob
10,Johannes,Johannes
12,John,John
17,Mattheus,Matthias
25,Mattheus,Mattheus
26,Michael,Michael
29,Wilhelm,Wilhelm
33,William,William
34,Cunrad,Cunrad
37,Cunrad,Cunrd
38,David,David
39,Christian,Christian
44,Thomas,Thomas
46,Paulus,Paul
50,Philip  Jr,Philip Jr
51,Philip,Philip
55,Isaac,Isaac
56,Christoph,Christoph
62,Gerrit,Gerrit
66,Frederick,Frederick
67,Frederick,Frederik
69,Frid:,Frid:
70,Friederich,Friederich
72,Friederich,Friedrich
73,James,James
75,Alexander,Alexander
77,Henry,Henry
78,Martin,Martin
80,Maria,Mary
81,Susanna,Susanna
82,Peter,Peter
83,Georg,Georg
85,Bernard,Bernard
87,Bernardus,Bernhard
95,John  Philips,Johan Philip
96,Nicol,Nicol
97,Betram,Betram
98,Abraham,Abraham
100,Michael,Michel
108,Thomas  Jr,Thomas Jr
110,Mauras,Mauras
126,Johannes  Teiss,Johannes Teiss
129,Nicholas,Nicolaus
130,Nicolus,Nicolus
138,Margriet,Margareth
144,Johannes Jacob Jr,Johannes Jacob Jr
148,John,Johan
153,Thomas,Tams
154,Moritz,Moritz
155,Richard,Richard
156,Richard,Richrad
161,Patrick,Patrick
167,Charles,Charles
168,Tuny,Tuny
170,Jacob  Jr,Jacob Jr
172,Jacob  Sr,Jacob Sr
179,Daniel,Daniel
183,Cunrad,Conrad
185,Catharina,Catharine
193,Elizabetb,Elizabetb
200,Carl,Carl
205,George,George
207,Caleb,Caleb
214,Moses,Moses
223,Adam,Adam
233,Johannes  Georg,Johannes Georg
236,Godfrey,Godfrey
244,Ebeneazar,Ebeneazar
249,Joseph,Joseph
252,Frederick  Jr,Frederic Jr
255,Frederick  Jr,Frederik Jr
260,Frederick,Friederick
261,Frederick  Jr,Friederik Jr
268,Moritz,Mortiz
278,Kiliaan,Kilian
279,Leonhard,Leonhard
281,Samuel,Samuel
294,Cornelius,Cornelius
297,Wilhelm  Anton,Wilhelm Anton
326,Epharim  Drake,Ephraim Drake
327,Epharim  Drake,Ephriam Drake
347,Caspar,Caspar
354,Jos,Jos
373,Harmen,Herman
375,Simon,Simon
387,Valentin,Valentin
410,Aaron,Aaron
417,Johannes  Jacob,Johannes Jacob
418,Johannes  Wilhelm,Johannes Wilhelm
422,John  Wilhelm,John Wilhelm
439,Benjamin,Benjamin
448,Solomon,Solomon
477,Nathan,Nathan
491,Chritian,Chritian
514,Henrich,Henrich
522,Anton,Anton
555,John  Jr,John Jr
565,Augustus,Augustus
568,Mckactschj,McKactschj
578,Balthes,Balthes
585,Baltus,Balthas
589,Baltus,Balthus
590,Henry  B,Henry B
595,Mattheus,Mathias
611,Id,Id
615,Godfrey,Gottfrey
617,Gottfried,Gottfried
621,Godfrey  Esp,Godfrey Esp
622,Honnes,Honnes
632,Cornelius,Cornellius
638,Harmen  Sr,Herman Sr
678,Sophia,Sophia
681,Yorek,Yorek
696,Gottlieb,Gottlieb
697,Hannah,Hanna
713,Josh,Josh
714,Josh,Joshua
715,Josh,Joshuah
728,Mattheus,Mattheis
745,Robert,Robert
795,Griffit,Griffit
811,Lucas,Lucas
813,John  Georg,John Georg
820,T  Wilhelm,T Wilhelm
826,Ezekiel,Ezekiel
837,Christina,Christina
844,Anna  Gertroud,Anna Gertroud
845,Anna,Anna
854,Catharina,Catharina
864,Tuny,Dinah
871,Elizabeth,Elisabeth
874,Sussy,Sussy
876,Magdalena,Magdalena
883,Cornelia,Cornelia
891,Maria,Maria
899,Sara,Sarah
906,Anna  Catharine,Anna Catharine
915,Anna  Maria,Anna Maria
919,Rachel,Rachel
920,Maria  Barbara,Maria Barbara
928,Margriet,Marg
935,Beggj,Beggj
938,Esther,Esther
943,Anna  Barbara,Anna Barbara
944,Betsy,Betsey
945,Abigail,Abigail
947,Margriet,Margaryt
949,Betsy,Betsi
950,Betsy,Betsy
957,Margriet,Margaretha
958,Peggy,Peggi
959,Peggy,Peggy
962,Eva  Maria,Eva Maria
971,Dorothea,Dorothy
977,Elizabeth,Elizabeth
981,Phoebe,Phoebe
983,Rosina,Rosina
984,Helena,Helena
993,Barbara,Barbara
1011,Anna  Gertroud,Anna Gertroat
1012,Anna  Margareta,Anna Margareta
1013,Patience,Patience
1018,Cathar:,Cathar:
1021,Catharina,Catharna
1023,Maria  Elisabeth,Maria Elisabeth
1044,Geertruy,Gertruyd
1058,Eva,Eva
1060,Catharina  Barbara,Cathar Barbara
1062,Catharina  Barbara,Catharine Barbara
1074,Helena,Lena
1079,Hannah,Hannah
1086,Eleanora,Eleanora
1087,Selletje,Selletje
1118,Bolly,Bolly
1120,Dorothea,Dorothea
1131,Sally,Selly
1134,Maria  Barbara,Mary Barbara
1156,Rebecca,Rebecca
1164,Maria  Dorothy,Maria Dorothy
1165,Experience,Experience
1175,John,Jenny
1179,Mollj,Mollj
1180,Molly,Molly
1184,Geertie,Gerretje
1188,Geertje,Geretje
1200,Charity,Charity
1203,Margary,Margary
1220,Gertroud,Gertroud
1225,Anna  Margaretha,Anna Margaretha
1226,Marethe,Martha
1229,Bollj,Bollj
1242,Disbeje,Disbeje
1246,Catharina,Chatharina
1255,Aeltie,Altje
1256,Veronica  Gertroud,Fronica Gertrout
1283,Margriet,Margharyt
1284,Margretha,Margretha
1287,Susanna,Susannah
1297,Juliana,Juliana
1298,Juliana,Julianna
1312,Phoebe,Faeby
1314,Nancy,Nancy
1330,Jennj,Jennj
1345,Maria  Rosina,Maria Rosina
1351,Elizabeth,Elisabet
1356,Baetie,Betty
1357,Maria  Amack,Mary Amack
1358,Anna  Elisabeth,Anna Elizabeth
1359,Eleanora,Eleonora
1361,Anna,Anna***
1374,Sina,Sina
1385,Neeltie,Nelly
1388,Catharina,Catherine
1389,Catharina,Caty
1392,Beggj,Peggj
1393,Nellj,Nellj
1398,Mauras,Mercy
1399,Facnnj,Facnnj
1400,Faennj,Faennj
1401,Fanny,Fanny
1404,Margriet,Margaret
1419,Adelyne,Adelyne
1432,Adelyne,Adelina
1454,Gertroud,Gertraut
1456,Christina,Christiana
1474,John,Jane
1475,Sukkj,Sukkj
1480,Elsie,Elsje
1489,Veronica,Fronica
1507,Anistina,Anistina
1522,Dolly,Dolly
1525,Debora,Debora
1533,Elizabeth,Elizabetha
1553,Anna  Margarera,Anna Margarera
1560,Dellj,Dellj
1564,Dolly,Delly
1570,Annje,Annje
1601,Salome,Salome
1603,Agnes,Agnes
1607,Catharina  Schneider,Catharine Schneider
1613,Elizabeth,Elisabetha
1633,Anna  Catharine,Anna Catharina
1636,Judith,Judith
1676,Jacob  Schuler,Jacob Schuler
1678,Philip  Dorrenberger,Phil Dorrenberger
1680,Mattheus  Abel,Matthias Abel
1687,David  Tremer,David Tremer
1689,George  Fritz,George Fritz
1690,Jacob  Abel,Jacob Abel
1692,Freder: Fritz Sr,"Freder: Fritz, Sr,"
1693,Jacob  Abel,Jacob Abel
1697,John  Abel,John Abel
1698,Wm  Petrj,Wm Petrj
1699,Frederick  Fritz,Frederik Fritz
1715,Joh: Nico: Dennis,Joh: Nico: Dennis
1720,Thos Boskerk Sr,Thos Boskerk Sr
1722,Thos  Buskirk,Thos Boskerk
1724,Jacob  Leininger,Jacob Leininger
1725,Georg Mohr Sr,Georg Mohr Sr
1726,Paulus  Antonj,Paul Antonj
1727,Samuel  Antonj,Saml Antonj
1729,John  Mcintir,John McIntir
1730,Christoph  Schuler,Christoph Schuler
1735,Henry  Schweitzer,Henry Schweitzer
1737,John Plum Esqr,John Plum Esqr
1738,Frederick Bartels Sr,Frederik Bartels Sr
1743,Jacob  Neff,Jacob Neff
1744,Charles  Eversohl,Charles Eversohl
1745,Wilhelm  Graaf,Wilhelm Graaf
1746,Carl  Eversohl,Carl Eversohl
1752,Henry  Becher,Henry Becher
1756,John Schurtz Sr,"John Schurtz Sr,"
1757,Thomas  Buskirk,Thomas Boskerk
1762,Abraham  Lunger,Abrm Lunger
1764,John  Roodenbach,John Roodenbach
1769,John  Abel,John Abel
1771,Henry  Huber,Henry Huber
1774,Jacob  Lungen,Jacob Lungen
1776,Moritz  Croeter,Moritz Croeter
1780,Benjamin V Sickels,Benjamin v Sickel
1786,Widow  Kleyn,Widow Klein
1790,William  Fritz,William Fritz
1791,Frederick  Bartelszen,Frederik Bartels
1796,Ursula  Schrock,Ursula Schrock
1799,Daniel  Vooss,Daniel Vooss
1802,Philip  Buehler,Philip Buehler
1806,Johannes  Buehler,Hannes Buehler
1807,Johannes  Buehler,Joh Buehler
1808,Jacob Klein Sr,"Jacob Klein, Sr"
1809,Joh: Jacob Klein Sr,J Jacob Klein Sr
1811,Mart  Holflander,Mart Holflander
1818,Joh: Wilhelm Kleyn,J Wilhelm Cline
1820,Johannes  Collier,Johannes Collier
1823,Simon  Schenck,Simeon Schenck
1824,Philip  Rau,Philip Rau
1828,Moritz  Waldorf,Moritz Waldorf
1832,Cunrad  Bonn,Cunrad Bonn
1833,Johannes  Hildebrand,Johannes Hildebrand
1838,Frederick  Bartelszen,Frederick Bartels
1840,Reuben  Murphy,Reuben Murphy
1842,Jacob  Kraetschlj,Jacob Kraetschlj
1843,John  Johnson,John Johnson
1853,Johannes Schuh Jr,Hannes Schuh Jr
1856,Henry  Maria,Henry Meyer
1857,Jeronimus  Eichler,Hieronymus  Eichler
1860,Bernard  Bengert,Bernhardt Bengert
1864,Henry  Schweifer,Henry Schweifer
1865,Balthes  Pikel,Balths Pikel
1866,Friederich  Pikel,Friederich Pikel
1868,George  Albert,George Albert
1874,Johannes  Appelman,Johannes Appelman
1880,Aaron  Kleyn,Aaron Klein
1881,Carl  Eversohl,Carl Eversohl
1882,Carl  Evershohl,Carl Evershohl
1883,Anton  Moelich,Anton Moelich
1885,Jacob  Kleyn,Jacob Klein
1887,Mynhard  Faerly,Mynhard Faerly
1897,John  Haveland,John Haveland
1900,Adam  Miller,Adam Miller
1901,John  Hildebrand,John Hildebrand
1903,Freder  Fritz,Freder Fritz
1907,Christoph  Hildebrand,Christoph Hildebrand
1908,Datin,Datin
1910,Philip  Fine,Philip Fine
1911,Christina  Kleyn,Christine Kline
1916,Maria  Fisher,Maria Fisher
1923,Eleanora  Sander,Eleonora Sander
1926,Frederick Fritz Sr,Frederick Fritz Sr
1927,Michael  Abel,Michel Abel
1928,Wm  Fritz,Wm Fritz
1929,Frederick Sr Fritz,Frederik Sr Fritz
1931,Mauras  Fritz,Maurz Fritz
1933,Maria  Steimetz,Mr Steimetz
1934,Sophia  Schmidt,Sophia Schmidt
1937,Catharina  Schuler,Catharina Schuler
1938,Frederick Fritz Sr,Frederik Fritz Sr
1940,Frederick Fritz Sr,Frederich Fritz Sr
1952,Leonhard  Gaerj,Leonhard Gaerj
1956,Peter,Peter
1957,Jacob  Hoefheuser,Jacob Hoefheuser
1958,Martin  Holthauser,Martin Holthauser
1959,Thomas Boskerk Sr,Thom Boskerk Sr
1965,Georg  Benghard,Georg Benghard
1969,John Schmidt Sr,John Schmidt Sr
1971,Isaac Brown Esq,"Isaac Brown, Esq,"
1972,Doctor  Miller,Doctor Miller
1973,Christ,Christ
1974,Maria  Faesch,Mr Faesch
1975,Dr  Buskirk,Dr Boskirk
1976,Abraham  Buskirk,Abrm Buskerk
1978,John Van Norden,John Van Norden
1984,George Mohr Sr,George Mohr Sr
1987,Frederick  Martinj,Frederick Martinj
1988,John  Schwachheimer,John Schwachheimer
1990,Cunrad  Schwachheimer,Conrad Schwachheimer
1992,Thomas  Delanesy,Thoms Delanesy
1994,David  Johnson,David Johns
1999,Balth  Sr,Balth Sauer
2000,William  Graaf,William Graaf
2001,Thomas  Harris,Thomas Harris
2007,Freder  Hartram,Frieder Hartram
2008,Georg  Duffort,Georg Duffort
2010,Nicholas  Schmidt,Nicolaus Smidt
2013,Peter  Schworer,Peter Schworer
2017,Philip  Line,Philip Line
2020,Frederick  Fritz,Friderich Fritz
2022,David  Jones,David Jones
2028,Freder: Fritz Jr,"Freder: Fritz, Jr"
2029,Abraham  Lungen,Abrm Lungen
2030,Anna Catharina Henry,Anna Catharina Henry
2033,Leonhd Hepp Sr,Leonhd Hepp Sr
2034,John  Haupt,John Haupt
2038,Honnes  Hildebrand,Honnes Hildebrand
2043,Godfrey  Rynhard,Godfr Rynhard
2044,Harmen  Roelofson,Hermann Roelofson
2047,William  Elick,Willm Elick
2049,Jac  Graaf,Jac Graefy
2054,John  Deal,John Deal
2055,Andries  Miller,Andreas Miller
2057,Georg  Felvert,Georg Felvert
2058,Jacob  Hoffman,Jacob Hoffman
2068,Widow  Schenkel,Widow Schenkel
2071,Johannes  Rynhard,Johannes Reinhard
2073,William  Young,Willm Young
2075,I  Benghard,I Benghard
2076,John  Vogt,John Vogt
2077,Cunrad  Schwachheimer,Cunrad Schwachhamer
2078,Elizabeth  Fritz,Elisabet Fritz
2081,George  Hartman,George Hartman
2082,Frederick Fritz Jr,Frederik  Fritz Jr
2085,Jacob Klein Sr,"Jacob Klein Sr,"
2093,Peter  Moelich,Peter Melich
2096,Major  Rynhard,Major Rynhard
2100,Mart  Sharp,Mar Sharp
2114,Frederick  Lavering,Frederik Lavering
2121,Maria Roelof Roelofson,Mr Roelof Roelofson
2128,Frederick  Fritz,Friederick Fritz
2129,Jacob  Lungen,Jacob Lungen
2131,William  Frif,Wilhm Frif
2132,Frederick Fritz Sr,"Frederik Fritz Sr,"
2135,Joh: Mart: Holtzhouse,Joh: Mart: Holtzhouse
2142,Michael  Thomase,Michel Thomas
2144,Wm  Heiler,Wm Heiler
2145,Christ  Lutz,Christ Lutz
2150,Freder:  Fritz,Frieder: Fritz
2156,Georg  Maria,Georg Mohr
2158,Frederick  Martinj,Frederik Martinj
2160,Martin  Martini,Martin Martini
2163,Christ:  Martinj,Christ: Martinj
2178,Herm  Muhlhenn,Herm Muhlhenn
2179,Jacob  Eny,Jacob Eny
2182,Andr Hensler Jr,Andr Hensler Jr
2183,Anna Mohr Maria,Anna Maria Meyer
2184,Henry  Maria,Henry Myer
2191,Stophel  Hildebrand,Stophel Hildebrand
2192,Velton  Christian,Velton Christian
2193,Nicol  Jungvleesch,Nicol Jungvleesch
2195,Philip  Vooss,Philip Voss
2197,Mar: Dorothea Graaf,Mar: Dorothy Graaf
2198,Balthr  Pikel,Balthr Pikel
2199,Christina  Sturm,Christn Sturm
2200,Daniel  Schaefer,Danl Schaefer
2201,Johannes  Moelik,Jonas Moelik
2202,Godfrey  Rynhard,Gotfr Reinhard
2204,John  Schwalb,John Schwalb
2205,Balthaser P Moelik,Balthaser P Moelick
2206,Sophia  Moelich,Sophia Moelich
2213,Frederick Bartels Jr,Frederick Bartels Jr
2215,Martin  Bonn,Martin Bunn
2219,Machael  Bareith,Machael Bareith
2228,Andrew  Miller,Andrew Miller
2231,John  Murphy,John Murphy
2233,Mattheus  Myers,Mattheus Myers
2236,Jacob Klein Sr,Jacob Klein Sr
2237,Jacob Neff Sr,Jacob Neff Sr
2239,Gottfried  Bartelszen,Godfried Bartels
2240,Philip  Miller,Phil Miller
2251,Balth Pikel Sr,Balth Pikel Sr
2252,Phoebe  Mcclachen,Phebe McClachen
2256,Pet:  Apkir,Pet: Apkir
2259,Henrich  Schweitzer,Henrich Schweitzer
2262,Wm  Elick,Wm Elick
2264,Jacob  Zavering,Jacob Zavering
2267,Johannes  Schmidt,Johannes Schmidt
2283,Philip  Heiler,Philip Heiler
2284,John  Tippel,John Tippel
2289,Balth:  Pikel,Balth: Pikel
2290,Friederich  Bartelszen,Friederich Bartels
2291,H  Appelman,H Appelman
2296,Frederick  Schenkel,Frederik Schenkel
2299,Leonhard  Hipp,Leonhard Hipp
2300,Balth:  Pikel,Balth: Pickle
2301,Harmen Roelofs Sr,Herman Roelofs Sr
2304,Diethrich  Strubel,Diethrich Strubel
2305,Peter  Rish,Peter Rish
2308,Harmanus  Roelofson,Hermanus Roelofson
2316,John  Roeus,John Roeus
2317,Qidow P Buskirk,Qidow P Boskerk
2319,George Mohr Sr,"George Mohr, Sr"
2320,John  Saeger,John Saeger
2321,Jacob  Lunger,Jacob Lunger
2325,Nicol  Schmidt,Nicol Smidt
2326,Peter  Sasseman,Peter Sasseman
2327,Wm  Partj,Wm Partj
2328,Id  Rynhard,Ad Rynhard
2335,Moritz  Croeter,Moritz Creter
2337,Martin  Bonn,Martin Bonn
2338,William  Petry,Willm Petry
2339,John  Croeter,John Croeter
2355,Johannes  Hildebrand,Hannes Hildebrand
2356,Honnes Schurtz Sr,Honnes Schurts Sr
2359,Peter  Beker,Peter Beker
2368,Johannes  Appelman,Johannes Appelmann
2369,Godfrey Reinhard Esq,Godfr Reinhard Esq
2370,David  Kraetsihlj,David Kraetsihlj
2375,Jacob  Neff,Jacob Neff
2376,Freder  Bartelszen,Freder Bartels
2379,Henry  Miller,Henry Miller
2382,General Peter Muhlenberg,General Peter Muhlenberg
2383,Wilhelm  Graaf,Wilhelm Graaf
2384,Christian  Martinj,Christian Martinj
2390,Griffit  Thomase,Griffit Thomas
2397,Aug  Kaina,Aug Kaina
2400,Shurts,Shurts
2410,Honnes  Shurts,Honnes Shurts
2418,Samuel  Schwachheimer,Samuel Schwachamer
2419,Thomas  Leining,Thomas Leining
2420,George  Maria,George Moor
2437,Michael  Hoeker,Michel Hoeker
2452,Herne:  Roelofson,Herne: Roelofson
2470,Philip  Heiler,Phil Hiler
2475,Frederick  Bartelszen,Frederic Bartels
2477,Peter Van Buskirk,Peter van Buskerk
2482,Abraham Van Horne,Abram Van Horn
2486,Johannes  Hildebrand,Johs Hildebrand
2493,Johannes  Kirk,Johannes Kirk
2494,Christian  Ort,Christian Ort
2495,Gertroud  Muhlheim,Gertroud Muhlheim
2498,Geo  Benghard,Geo Benghard
2499,And  Miller,And Miller
2501,Andr  Bartelszen,Andrw Bartels
2506,Henry  Hoffman,Henry Hoffman
2509,Henry  Pikel,Henry Pickel
2515,Wife Of Phil Dorrenberger,wife of Phil Dorrenberger
2517,Wife Of Matthias Abel,wife of Matthias Abel
2524,Wife Of David Tremer,wife of David Tremer
2526,Wife Of George Fritz,wife of George Fritz
2527,Wife Of Jacob Abel,wife of Jacob Abel
2529,Wife Of Freder: Fritz Sr,"wife of Freder: Fritz, Sr,"
2534,Wife Of John Abel,wife of John Abel
2535,Wife Of Wm Petrj,wife of Wm Petrj
2536,Wife Of Frederik Fritz,wife of Frederik Fritz
2552,Maria  Dennis,Maria Dennis
2557,Wife Of Thos Boskerk Sr,wife of Thos Boskerk Sr
2559,Wife Of Thos Buskirk,wife of Thos Boskerk
2561,Wife Of Jacob Leininger,wife of Jacob Leininger
2562,Wife Of Georg Mohr Sr,wife of Georg Mohr Sr
2563,Sellj  Head,Sellj Head
2566,Wife Of John Mcintir,wife of John McIntir
2567,Wife Of Christoph Schuler,wife of Christoph Schuler
2572,Wife Of Henry Schweitzer,wife of Henry Schweitzer
2574,Wife Of John Plum Esqr,wife of John Plum Esqr
2575,Wife Of Frederik Bartels Sr,wife of Frederik Bartels Sr
2580,Wife Of Christian Deger,wife of Christian Deger
2581,Wife Of Charles Eversohl,wife of Charles Eversohl
2582,Wife Of Wilhelm Graaf,wife of Wilhelm Graaf
2583,Elizabeth  Eversohl,Elisabet Eversohl
2593,Wife Of John Schurtz Sr,"wife of John Schurtz Sr,"
2594,Wife Of Thomas Buskirk,wife of Thomas Boskerk
2599,Wife Of Abrm Lunger,wife of Abrm Lunger
2601,Wife Of John Roodenbach,wife of John Roodenbach
2606,Sophia  Abel,Sophia Abel
2608,Catharina  Huber,Catharina Huber
2611,Wife Of Jacob Lungen,wife of Jacob Lungen
2613,Wife Of Moritz Croeter,wife of Moritz Croeter
2617,Wife Of Benjamin V Sickels,wife of Benjamin v Sickel
2627,Wife Of William Fritz,wife of William Fritz
2628,Wife Of Frederik Bartelszen,wife of Frederik Bartels
2636,Wife Of Daniel Vooss,wife of Daniel Vooss
2639,Wife Of Philip Buehler,wife of Philip Buehler
2643,Catharina  Maria,Cathar More
2644,Wife Of Joh Buehler,wife of Joh Buehler
2645,Wife Of Jacob Klein Sr,"wife of Jacob Klein, Sr"
2646,Wife Of J Jacob Klein Sr,wife of J Jacob Klein Sr
2648,Wife Of Mart Holflander,wife of Mart Holflander
2655,Wife Of J Wilhelm Kleyn,wife of J Wilhelm Cline
2656,Wife Of Jacob Neff,wife of Jacob Neff
2657,Maria  Collier,Maria Collier
2660,Wife Of Simeon Schenck,wife of Simeon Schenck
2661,Wife Of Philip Rau,wife of Philip Rau
2665,Elizabeth  Schenkel,Elisabeth Schenkel
2669,Wife Of Cunrad Bonn,wife of Cunrad Bonn
2675,Wife Of Frederik Bartelszen,wife of Frederick Bartels
2679,Wife Of Jacob Kraetschlj,wife of Jacob Kraetschlj
2680,Wife Of John Johnson,wife of John Johnson
2693,Wife Of Henry Maria,wife of Henry Meyer
2694,Justina  Eichler,Justina Eichler
2697,Anna Mohr Bengert,Anna Maria Bengert
2701,Wife Of Henry Schweifer,wife of Henry Schweifer
2702,Wife Of Balths Pikel,wife of Balths Pikel
2703,Wife Of Friederich Pikel,wife of Friederich Pikel
2711,Ursula  Appelman,Ursula Appelman
2717,Wife Of Aaron Kleyn,wife of Aaron Klein
2718,Wife Of Carl Eversohl,wife of Carl Eversohl
2719,Wife Of Carl Evershohl,wife of Carl Evershohl
2720,Wife Of Anton Moelich,wife of Anton Moelich
2722,Wife Of Jacob Kleyn,wife of Jacob Klein
2724,Wife Of Mynhard Faerly,wife of Mynhard Faerly
2734,Wife Of John Haveland,wife of John Haveland
2738,Wife Of John Hildebrand,wife of John Hildebrand
2740,Wife Of Freder Fritz,wife of Freder Fritz
2744,Wife Of Christoph Hildebrand,wife of Christoph Hildebrand
2747,Wife Of Philip Fine,wife of Philip Fine
2748,Wife Of Christine Kleyn,wife of Christine Kline
2763,Wife Of Frederick Fritz Sr,wife of Frederick Fritz Sr
2764,Wife Of Michel Abel,wife of Michel Abel
2765,Wife Of Wm Fritz,wife of Wm Fritz
2766,Wife Of Frederick Sr Fritz,wife of Frederick Sr Fritz
2768,Wife Of Maurz Fritz,wife of Maurz Fritz
2770,Wife Of Mr Steimetz,wife of Mr Steimetz
2771,Frederick  Fritz,Frederick Fritz
2775,Wife Of Frederick Fritz Sr,wife of Frederik Fritz Sr
2777,Wife Of Frederich Fritz Sr,wife of Frederich Fritz Sr
2793,Anna  Mettler,Anna Mettler
2795,Maria  Young,Maria Young
2796,Wife Of Thom Boskerk Sr,wife of Thom Boskerk Sr
2797,Wife Of Paul Antonj,wife of Paul Antonj
2802,Wife Of Georg Benghard,wife of Georg Benghard
2806,Wife Of John Schmidt Sr,wife of John Schmidt Sr
2808,Wife Of Isaac Brown Esq,"wife of Isaac Brown, Esq,"
2809,Wife Of Doctor Miller,wife of Doctor Miller
2810,Joh:  Vogt,J Voigt
2812,Wife Of Dr Buskirk,wife of Dr Boskirk
2813,Wife Of Abrm Buskirk,wife of Abrm Buskerk
2815,Wife Of John Van Norden,wife of John Van Norden
2821,Wife Of George Mohr Sr,wife of George Mohr Sr
2825,Wife Of John Schwachheimer,wife of John Schwachheimer
2827,Wife Of Cunrad Schwachheimer,wife of Conrad Schwachheimer
2829,Sara  Bell,Sarah Bell
2831,Wife Of David Johnson,wife of David Johns
2836,Wife Of Balth Sr,wife of Balth Sauer
2837,Wife Of William Graaf,wife of William Graaf
2838,Experience  Harris,Experience Harris
2844,Elizabeth  Duffort,Eliza Duffort
2845,Dorothea  Hartram,Dorothea Hartram
2847,Wife Of Nicolaus Schmidt,wife of Nicolaus Smidt
2850,Wife Of Peter Schworer,wife of Peter Schworer
2854,Wife Of Philip Line,wife of Philip Line
2857,Cornelia  Fritz,Cornelia Fritz
2859,Wife Of David Jones,wife of David Jones
2865,Wife Of Freder: Fritz Jr,"wife of Freder: Fritz, Jr"
2866,Wife Of Abrm Lungen,wife of Abrm Lungen
2870,Wife Of Leonhd Hepp Sr,wife of Leonhd Hepp Sr
2871,Wife Of John Haupt,wife of John Haupt
2875,Wife Of Honnes Hildebrand,wife of Honnes Hildebrand
2880,Wife Of Godfr Rynhard,wife of Godfr Rynhard
2881,Wife Of Hermann Roelofson,wife of Hermann Roelofson
2884,Wife Of William Elick,wife of Willm Elick
2886,Wife Of Jac Graaf,wife of Jac Graefy
2891,Rosina  Hart,Rosina Hart
2892,Wife Of Andreas Miller,wife of Andreas Miller
2894,Wife Of Georg Felvert,wife of Georg Felvert
2895,Catharina  Felvert,Cath Felvert
2908,Catharina  Schenkel,Cathar Schenkel
2910,Wife Of William Young,wife of Willm Young
2912,Wife Of I Benghard,wife of I Benghard
2913,Christina  Vogt,Christina Vogt
2914,Wife Of Cunrad Schwachheimer,wife of Cunrad Schwachhamer
2918,Wife Of George Hartman,wife of George Hartman
2919,Wife Of Frederick Fritz Jr,wife of Frederik  Fritz Jr
2922,Wife Of Jacob Klein Sr,"wife of Jacob Klein Sr,"
2930,Wife Of Peter Moelich,wife of Peter Melich
2933,Wife Of Major Rynhard,wife of Major Rynhard
2951,Wife Of Frederik Lavering,wife of Frederik Lavering
2958,Elizabeth  Roelofson,Elisabeth Roelofson
2965,Wife Of Frederik Fritz,wife of Friederick Fritz
2968,Wife Of William Frif,wife of Wilhm Frif
2969,Wife Of Frederick Fritz Sr,"wife of Frederik Fritz Sr,"
2972,Wife Of Joh: Mart: Holtzhouse,wife of Joh: Mart: Holtzhouse
2981,Wife Of Wm Heiler,wife of Wm Heiler
2982,Wife Of Christ Lutz,wife of Christ Lutz
2987,Wife Of Frieder: Fritz,wife of Frieder: Fritz
2993,Wife Of Georg Maria,wife of Georg Mohr
2995,Wife Of Frederik Martinj,wife of Frederik Martinj
2997,Wife Of Martin Martini,wife of Martin Martini
3000,Wife Of Christ: Martinj,wife of Christ: Martinj
3015,Wife Of Herm Muhlhenn,wife of Herm Muhlhenn
3016,Elizabeth  Eny,Elisabeth Eny
3019,Wife Of Andr Hensler Jr,wife of Andr Hensler Jr
3021,Wife Of Henry Maria,wife of Henry Myer
3028,Maria  Hamm,Mary Hamm
3029,Wife Of Velton Christian,wife of Velton Christian
3030,Wife Of Nicol Jungvleesch,wife of Nicol Jungvleesch
3032,Maria  Miller,Mary Miller
3035,Wife Of Balthr Pikel,wife of Balthr Pikel
3036,Elisth  Moelich,Elisth Moelich
3037,Wife Of Daniel Schaefer,wife of Danl Schaefer
3038,Wife Of Jonas Moelik,wife of Jonas Moelik
3039,Wife Of Godfr Rynhard,wife of Gotfr Reinhard
3041,Wife Of John Schwalb,wife of John Schwalb
3050,Catharina  Croeter,Catharine Croeter
3052,Wife Of Martin Bonn,wife of Martin Bunn
3056,Agnes  Bareith,Agnes Bareith
3065,Wife Of Andrew Miller,wife of Andrew Miller
3068,Peggy  Daub,Peggy Daub
3070,Wife Of Matthias Myers,wife of Mattheus Myers
3073,Wife Of Jacob Klein Sr,wife of Jacob Klein Sr
3074,Wife Of Jacob Neff Sr,wife of Jacob Neff Sr
3076,Susanna  Rynhard,Susanna Reinhardt
3077,Wife Of Phil Miller,wife of Phil Miller
3088,Wife Of Balth Pikel Sr,wife of Balth Pikel Sr
3093,Wife Of Pet: Apkir,wife of Pet: Apkir
3096,Anna  Neff,Anna Neff
3099,Wife Of Wm Elick,wife of Wm Elick
3101,Wife Of Jacob Zavering,wife of Jacob Zavering
3104,Wife Of Johannes Schmidt,wife of Johannes Schmidt
3120,Wife Of Philip Heiler,wife of Philip Heiler
3121,Wife Of John Tippel,wife of John Tippel
3126,Wife Of Balth: Pikel,wife of Balth: Pikel
3127,Wife Of Friederich Bartelszen,wife of Friederich Bartels
3128,Wife Of I Appelman,wife of H Appelman
3133,Wife Of Frederik Schenkel,wife of Frederik Schenkel
3136,Wife Of Leonhard Hipp,wife of Leonhard Hipp
3137,Wife Of Balth: Pikel,wife of Balth: Pickle
3138,Wife Of Herman Roelofs Sr,wife of Herman Roelofs Sr
3141,Elizabeth  Strubel,Elisabeth Strubel
3142,Margretha  Rish,Margretha Rish
3145,Wife Of Hermanus Roelofson,wife of Hermanus Roelofson
3153,Wife Of John Roeus,wife of John Roeus
3156,Wife Of George Mohr Sr,"wife of George Mohr, Sr"
3157,Wife Of John Saeger,wife of John Saeger
3158,Wife Of Jacob Lunger,wife of Jacob Lunger
3162,Wife Of Nicol Schmidt,wife of Nicol Smidt
3163,Wife Of Peter Sasseman,wife of Peter Sasseman
3164,Wife Of Wm Partj,wife of Wm Partj
3165,Wife Of Ad Rynhard,wife of Ad Rynhard
3172,Wife Of Moritz Croeter,wife of Moritz Creter
3174,Wife Of Martin Bonn,wife of Martin Bonn
3175,Wife Of William Petry,wife of Willm Petry
3176,Wife Of John Croeter,wife of John Croeter
3192,Wife Of Honnes Hildebrand,wife of Hannes ildebrand
3193,Wife Of Honnes Schurts Sr,wife of Honnes Schurts Sr
3196,Rahel  Beker,Rahel Beker
3205,Ursula  Appelman,Ursula Appelmann
3206,Wife Of Godfr Reinhard Esq,wife of Godfr Reinhard Esq
3207,Wife Of David Kraetsihlj,wife of David Kraetsihlj
3212,Anna Mohr Neff,Anna Maria Neff
3213,Wife Of Freder Bartelszen,wife of Freder Bartels
3216,Wife Of Henry Miller,wife of Henry Miller
3219,Parents,Parents
3221,Wife Of Christian Martinj,wife of Christian Martinj
3227,Wife Of Griffit Thomase,wife of Griffit Thomas
3247,Wife Of Honnes Shurts,wife of Honnes Shurts
3255,Wife Of Samuel Schwachheimer,wife of Samuel Schwachamer
3257,Wife Of George Maria,wife of George Moor
3289,Wife Of Aaron Roelofson,wife of Herne: Roelofson
3307,Wife Of Phil Heiler,wife of Phil Hiler
3312,Wife Of Frederik Bartelszen,wife of Frederic Bartels
3314,Wife Of Peter Van Buskirk,wife of Peter van Buskerk
3319,Wife Of Abram Van Horne,wife of Abram Van Horn
3323,Wife Of Johs Hildebrand,wife of Johs Hildebrand
3331,Wife Of Christian Ort,wife of Christian Ort
3335,Wife Of Geo Benghard,wife of Geo Benghard
3336,Wife Of And Miller,wife of And Miller
3338,Wife Of Andrw Bartelszen,wife of Andrw Bartels
3343,Wife Of Henry Hoffman,wife of Henry Hoffman
3346,Wife Of Henry Pikel,wife of Henry Pickel
3430,Johannes Jr Schuh,Hannes Jr Schuh
3493,Christian  Kohl,Christian Cole
3571,G  Gaerj,G Garj
3647,Frederick  Muhlenberg,Frederick Muhlenberg
4408,Wife Of G Gaerj,wife of G Garj
